Region,Project Name,Project Hyperlink
美国,Helius,https://www.rootdata.com/zh/Projects/detail/Helius?k=NDI4NQ%3D%3D
美国,TrueX,https://www.rootdata.com/zh/Projects/detail/TrueX?k=MTQ0MjI%3D
美国,Hemi Network,https://www.rootdata.com/zh/Projects/detail/Hemi%20Network?k=MTM2NzE%3D
美国,Amnis Finance,https://www.rootdata.com/zh/Projects/detail/Amnis%20Finance?k=OTg0MQ%3D%3D
美国,VeloVELO,https://www.rootdata.com/zh/Projects/detail/Velo?k=MTUyNg%3D%3D
美国,TonTON,https://www.rootdata.com/zh/Projects/detail/The%20Open%20Network?k=OTkz
美国,vana,https://www.rootdata.com/zh/Projects/detail/vana?k=MTE4MjA%3D
美国,Filament,https://www.rootdata.com/zh/Projects/detail/Filament?k=MTAzMDQ%3D
美国,Yellow,https://www.rootdata.com/zh/Projects/detail/Yellow?k=NTgxOQ%3D%3D
美国,CUDIS,https://www.rootdata.com/zh/Projects/detail/CUDIS?k=MTI3NDM%3D
美国,Forge,https://www.rootdata.com/zh/Projects/detail/Forge?k=OTc5NQ%3D%3D
美国,One Trading,https://www.rootdata.com/zh/Projects/detail/One%20Trading?k=ODQxMg%3D%3D
美国,Magicblock,https://www.rootdata.com/zh/Projects/detail/Magicblock?k=MTA1NjQ%3D
美国,0xAstra,https://www.rootdata.com/zh/Projects/detail/0xAstra?k=MTM2MDI%3D
美国,Fermah,https://www.rootdata.com/zh/Projects/detail/Fermah?k=MTQzMzU%3D
美国,Limitless,https://www.rootdata.com/zh/Projects/detail/Limitless?k=MTMxNTk%3D
美国,E4C: Final Salvation,https://www.rootdata.com/zh/Projects/detail/E4C:%20Final%20Salvation?k=Njc3Mg%3D%3D
美国,LogX,https://www.rootdata.com/zh/Projects/detail/LogX?k=ODU5NA%3D%3D
美国,RISE Chain,https://www.rootdata.com/zh/Projects/detail/RISE%20Chain?k=MTQ0MDY%3D
美国,Pipe Network,https://www.rootdata.com/zh/Projects/detail/Pipe%20Network?k=MTQ0MDU%3D
美国,OreORE,https://www.rootdata.com/zh/Projects/detail/Ore?k=MTIyNDI%3D
美国,Titan,https://www.rootdata.com/zh/Projects/detail/Titan?k=MTQzOTk%3D
美国,DeriveLYRA,https://www.rootdata.com/zh/Projects/detail/Derive?k=ODcz
美国,Open Forest Protocol,https://www.rootdata.com/zh/Projects/detail/Open%20Forest%20Protocol?k=MjM4MA%3D%3D
美国,Fuse,https://www.rootdata.com/zh/Projects/detail/Fuse?k=MTQzNjk%3D
美国,Gradient Network,https://www.rootdata.com/zh/Projects/detail/Gradient%20Network?k=MTQzNzQ%3D
美国,Eigenpie,https://www.rootdata.com/zh/Projects/detail/Eigenpie?k=MTEwNDc%3D
美国,Vektor,https://www.rootdata.com/zh/Projects/detail/Vektor?k=MTAxNDA%3D
美国,INFINIT,https://www.rootdata.com/zh/Projects/detail/INFINIT?k=MTQwMDU%3D
美国,OpenEden,https://www.rootdata.com/zh/Projects/detail/OpenEden?k=NzUwOA%3D%3D
新加坡,Helius,https://www.rootdata.com/zh/Projects/detail/Helius?k=NDI4NQ%3D%3D
新加坡,TrueX,https://www.rootdata.com/zh/Projects/detail/TrueX?k=MTQ0MjI%3D
新加坡,Hemi Network,https://www.rootdata.com/zh/Projects/detail/Hemi%20Network?k=MTM2NzE%3D
新加坡,Amnis Finance,https://www.rootdata.com/zh/Projects/detail/Amnis%20Finance?k=OTg0MQ%3D%3D
新加坡,VeloVELO,https://www.rootdata.com/zh/Projects/detail/Velo?k=MTUyNg%3D%3D
新加坡,TonTON,https://www.rootdata.com/zh/Projects/detail/The%20Open%20Network?k=OTkz
新加坡,vana,https://www.rootdata.com/zh/Projects/detail/vana?k=MTE4MjA%3D
新加坡,Filament,https://www.rootdata.com/zh/Projects/detail/Filament?k=MTAzMDQ%3D
新加坡,Yellow,https://www.rootdata.com/zh/Projects/detail/Yellow?k=NTgxOQ%3D%3D
新加坡,CUDIS,https://www.rootdata.com/zh/Projects/detail/CUDIS?k=MTI3NDM%3D
新加坡,Forge,https://www.rootdata.com/zh/Projects/detail/Forge?k=OTc5NQ%3D%3D
新加坡,One Trading,https://www.rootdata.com/zh/Projects/detail/One%20Trading?k=ODQxMg%3D%3D
新加坡,Magicblock,https://www.rootdata.com/zh/Projects/detail/Magicblock?k=MTA1NjQ%3D
新加坡,0xAstra,https://www.rootdata.com/zh/Projects/detail/0xAstra?k=MTM2MDI%3D
新加坡,Fermah,https://www.rootdata.com/zh/Projects/detail/Fermah?k=MTQzMzU%3D
新加坡,Limitless,https://www.rootdata.com/zh/Projects/detail/Limitless?k=MTMxNTk%3D
新加坡,E4C: Final Salvation,https://www.rootdata.com/zh/Projects/detail/E4C:%20Final%20Salvation?k=Njc3Mg%3D%3D
新加坡,LogX,https://www.rootdata.com/zh/Projects/detail/LogX?k=ODU5NA%3D%3D
新加坡,RISE Chain,https://www.rootdata.com/zh/Projects/detail/RISE%20Chain?k=MTQ0MDY%3D
新加坡,Pipe Network,https://www.rootdata.com/zh/Projects/detail/Pipe%20Network?k=MTQ0MDU%3D
新加坡,OreORE,https://www.rootdata.com/zh/Projects/detail/Ore?k=MTIyNDI%3D
新加坡,Titan,https://www.rootdata.com/zh/Projects/detail/Titan?k=MTQzOTk%3D
新加坡,DeriveLYRA,https://www.rootdata.com/zh/Projects/detail/Derive?k=ODcz
新加坡,Open Forest Protocol,https://www.rootdata.com/zh/Projects/detail/Open%20Forest%20Protocol?k=MjM4MA%3D%3D
新加坡,Fuse,https://www.rootdata.com/zh/Projects/detail/Fuse?k=MTQzNjk%3D
新加坡,Gradient Network,https://www.rootdata.com/zh/Projects/detail/Gradient%20Network?k=MTQzNzQ%3D
新加坡,Eigenpie,https://www.rootdata.com/zh/Projects/detail/Eigenpie?k=MTEwNDc%3D
新加坡,Vektor,https://www.rootdata.com/zh/Projects/detail/Vektor?k=MTAxNDA%3D
新加坡,INFINIT,https://www.rootdata.com/zh/Projects/detail/INFINIT?k=MTQwMDU%3D
新加坡,OpenEden,https://www.rootdata.com/zh/Projects/detail/OpenEden?k=NzUwOA%3D%3D
中国大陆,Helius,https://www.rootdata.com/zh/Projects/detail/Helius?k=NDI4NQ%3D%3D
中国大陆,TrueX,https://www.rootdata.com/zh/Projects/detail/TrueX?k=MTQ0MjI%3D
中国大陆,Hemi Network,https://www.rootdata.com/zh/Projects/detail/Hemi%20Network?k=MTM2NzE%3D
中国大陆,Amnis Finance,https://www.rootdata.com/zh/Projects/detail/Amnis%20Finance?k=OTg0MQ%3D%3D
中国大陆,VeloVELO,https://www.rootdata.com/zh/Projects/detail/Velo?k=MTUyNg%3D%3D
中国大陆,TonTON,https://www.rootdata.com/zh/Projects/detail/The%20Open%20Network?k=OTkz
中国大陆,vana,https://www.rootdata.com/zh/Projects/detail/vana?k=MTE4MjA%3D
中国大陆,Filament,https://www.rootdata.com/zh/Projects/detail/Filament?k=MTAzMDQ%3D
中国大陆,Yellow,https://www.rootdata.com/zh/Projects/detail/Yellow?k=NTgxOQ%3D%3D
中国大陆,CUDIS,https://www.rootdata.com/zh/Projects/detail/CUDIS?k=MTI3NDM%3D
中国大陆,Forge,https://www.rootdata.com/zh/Projects/detail/Forge?k=OTc5NQ%3D%3D
中国大陆,One Trading,https://www.rootdata.com/zh/Projects/detail/One%20Trading?k=ODQxMg%3D%3D
中国大陆,Magicblock,https://www.rootdata.com/zh/Projects/detail/Magicblock?k=MTA1NjQ%3D
中国大陆,0xAstra,https://www.rootdata.com/zh/Projects/detail/0xAstra?k=MTM2MDI%3D
中国大陆,Fermah,https://www.rootdata.com/zh/Projects/detail/Fermah?k=MTQzMzU%3D
中国大陆,Limitless,https://www.rootdata.com/zh/Projects/detail/Limitless?k=MTMxNTk%3D
中国大陆,E4C: Final Salvation,https://www.rootdata.com/zh/Projects/detail/E4C:%20Final%20Salvation?k=Njc3Mg%3D%3D
中国大陆,LogX,https://www.rootdata.com/zh/Projects/detail/LogX?k=ODU5NA%3D%3D
中国大陆,RISE Chain,https://www.rootdata.com/zh/Projects/detail/RISE%20Chain?k=MTQ0MDY%3D
中国大陆,Pipe Network,https://www.rootdata.com/zh/Projects/detail/Pipe%20Network?k=MTQ0MDU%3D
中国大陆,OreORE,https://www.rootdata.com/zh/Projects/detail/Ore?k=MTIyNDI%3D
中国大陆,Titan,https://www.rootdata.com/zh/Projects/detail/Titan?k=MTQzOTk%3D
中国大陆,DeriveLYRA,https://www.rootdata.com/zh/Projects/detail/Derive?k=ODcz
中国大陆,Open Forest Protocol,https://www.rootdata.com/zh/Projects/detail/Open%20Forest%20Protocol?k=MjM4MA%3D%3D
中国大陆,Fuse,https://www.rootdata.com/zh/Projects/detail/Fuse?k=MTQzNjk%3D
中国大陆,Gradient Network,https://www.rootdata.com/zh/Projects/detail/Gradient%20Network?k=MTQzNzQ%3D
中国大陆,Eigenpie,https://www.rootdata.com/zh/Projects/detail/Eigenpie?k=MTEwNDc%3D
中国大陆,Vektor,https://www.rootdata.com/zh/Projects/detail/Vektor?k=MTAxNDA%3D
中国大陆,INFINIT,https://www.rootdata.com/zh/Projects/detail/INFINIT?k=MTQwMDU%3D
中国大陆,OpenEden,https://www.rootdata.com/zh/Projects/detail/OpenEden?k=NzUwOA%3D%3D
印度,DIN,https://www.rootdata.com/zh/Projects/detail/DIN?k=NTQ3Mw%3D%3D
印度,MyShell,https://www.rootdata.com/zh/Projects/detail/MyShell?k=NzMwNw%3D%3D
印度,Particle Network,https://www.rootdata.com/zh/Projects/detail/Particle%20Network?k=MjA4Mw%3D%3D
印度,SoSo Value,https://www.rootdata.com/zh/Projects/detail/SoSoValue?k=MTA1NDk%3D
印度,Particle Network,https://www.rootdata.com/zh/Projects/detail/Particle%20Network?k=MjA4Mw%3D%3D
印度,Tabi,https://www.rootdata.com/zh/Projects/detail/Tabi?k=MjU5NA%3D%3D
印度,Dora FactoryDORA,https://www.rootdata.com/zh/Projects/detail/Dora%20Factory?k=Njk0
印度,Metale Protocol,https://www.rootdata.com/zh/Projects/detail/Metale%20Protocol?k=NjE3OQ%3D%3D
印度,MyShell,https://www.rootdata.com/zh/Projects/detail/MyShell?k=NzMwNw%3D%3D
印度,BitSmiley,https://www.rootdata.com/zh/Projects/detail/BitSmiley?k=MTA1MjQ%3D
印度,TaikoTAIKO,https://www.rootdata.com/zh/Projects/detail/Taiko?k=NjI5OQ%3D%3D
印度,BitSmiley,https://www.rootdata.com/zh/Projects/detail/BitSmiley?k=MTA1MjQ%3D
印度,Dora FactoryDORA,https://www.rootdata.com/zh/Projects/detail/Dora%20Factory?k=Njk0
印度,NFTScan,https://www.rootdata.com/zh/Projects/detail/NFTScan?k=MTg1MQ%3D%3D
印度,嘉楠耘智,https://www.rootdata.com/zh/Projects/detail/Canaan?k=MzU0Ng%3D%3D
印度,CyberCYBER,https://www.rootdata.com/zh/Projects/detail/Cyber?k=MjA3Ng%3D%3D
印度,MyShell,https://www.rootdata.com/zh/Projects/detail/MyShell?k=NzMwNw%3D%3D
印度,ConfluxCFX,https://www.rootdata.com/zh/Projects/detail/Conflux?k=MjYy
印度,Solv Protocol,https://www.rootdata.com/zh/Projects/detail/Solv%20Protocol?k=Mjg0OQ%3D%3D
印度,EthStorage,https://www.rootdata.com/zh/Projects/detail/EthStorage?k=NDMzOQ%3D%3D
印度,AethirATH,https://www.rootdata.com/zh/Projects/detail/Aethir?k=ODcyNw%3D%3D
印度,DmailDMAIL,https://www.rootdata.com/zh/Projects/detail/Dmail?k=MjM1MQ%3D%3D
印度,Manta NetworkMANTA,https://www.rootdata.com/zh/Projects/detail/Manta%20Network?k=NjY2
印度,DIN,https://www.rootdata.com/zh/Projects/detail/DIN?k=NTQ3Mw%3D%3D
印度,ConfluxCFX,https://www.rootdata.com/zh/Projects/detail/Conflux?k=MjYy
印度,Kaito,https://www.rootdata.com/zh/Projects/detail/Kaito?k=NTU3Ng%3D%3D
印度,TaikoTAIKO,https://www.rootdata.com/zh/Projects/detail/Taiko?k=NjI5OQ%3D%3D
印度,CyberCYBER,https://www.rootdata.com/zh/Projects/detail/Cyber?k=MjA3Ng%3D%3D
印度,Tabi,https://www.rootdata.com/zh/Projects/detail/Tabi?k=MjU5NA%3D%3D
印度,VEGA,https://www.rootdata.com/zh/Projects/detail/VEGA?k=NzY4OQ%3D%3D
英国,Baby Shark Universe,https://www.rootdata.com/zh/Projects/detail/Baby%20Shark%20Universe%20?k=MTI3MTA%3D
英国,Mitosis,https://www.rootdata.com/zh/Projects/detail/Mitosis?k=MTE0NjI%3D
英国,KaiaKLAY,https://www.rootdata.com/zh/Projects/detail/Kaia?k=MzY3
英国,Gomble Games,https://www.rootdata.com/zh/Projects/detail/Gomble%20Games?k=NzY5Mg%3D%3D
英国,Hopae,https://www.rootdata.com/zh/Projects/detail/Hopae?k=MTIxNzc%3D
英国,CarrieverseCVTX,https://www.rootdata.com/zh/Projects/detail/Carrieverse?k=MTA3OTg%3D
英国,Korea Digital Asset,https://www.rootdata.com/zh/Projects/detail/Korea%20Digital%20Asset%20?k=MTE4ODg%3D
英国,BDACS,https://www.rootdata.com/zh/Projects/detail/BDACS?k=MTEwNjM%3D
英国,WOO NetworkWOO,https://www.rootdata.com/zh/Projects/detail/WOO%20Network?k=NDE3OQ%3D%3D
英国,Four Pillars,https://www.rootdata.com/zh/Projects/detail/Four%20Pillars?k=MTA5NzI%3D
英国,CarrieverseCVTX,https://www.rootdata.com/zh/Projects/detail/Carrieverse?k=MTA3OTg%3D
英国,LINE NEXT,https://www.rootdata.com/zh/Projects/detail/LINE%20NEXT?k=Mzg0OQ%3D%3D
英国,CryptoTax,https://www.rootdata.com/zh/Projects/detail/CryptoTax?k=MTE4MDU%3D
英国,Modhaus,https://www.rootdata.com/zh/Projects/detail/Modhaus?k=MTAxMTI%3D
英国,Over Protocol,https://www.rootdata.com/zh/Projects/detail/Over%20Protocol?k=ODY2Mw%3D%3D
英国,CryptoQuant,https://www.rootdata.com/zh/Projects/detail/CryptoQuant?k=MzcwOA%3D%3D
英国,Gomble Games,https://www.rootdata.com/zh/Projects/detail/Gomble%20Games?k=NzY5Mg%3D%3D
英国,SIX NetworkSIX,https://www.rootdata.com/zh/Projects/detail/SIX%20Network?k=MzAz
英国,BitBlue,https://www.rootdata.com/zh/Projects/detail/BitBlue?k=Njg4OA%3D%3D
英国,GOPAX / Streami,https://www.rootdata.com/zh/Projects/detail/GOPAX%20-%20Streami?k=Mzk0OA%3D%3D
英国,nonce Classic,https://www.rootdata.com/zh/Projects/detail/nonce%20Classic?k=Nzc4Mg%3D%3D
英国,Sooho.io,https://www.rootdata.com/zh/Projects/detail/Sooho.io?k=NDkxMQ%3D%3D
英国,WEMIXWEMIX,https://www.rootdata.com/zh/Projects/detail/WEMIX?k=MTM3OA%3D%3D
英国,Burrito Wallet / Rotonda,https://www.rootdata.com/zh/Projects/detail/Burrito%20Wallet%20-%20Rotonda?k=NDc1OA%3D%3D
英国,FairSquare Lab,https://www.rootdata.com/zh/Projects/detail/FairSquare%20Lab?k=NjM3Ng%3D%3D
英国,SuperWalkGRND,https://www.rootdata.com/zh/Projects/detail/SuperWalk?k=NDEwNw%3D%3D
英国,Redbrick,https://www.rootdata.com/zh/Projects/detail/Redbrick?k=MTA3MjE%3D
英国,LINE NEXT,https://www.rootdata.com/zh/Projects/detail/LINE%20NEXT?k=Mzg0OQ%3D%3D
英国,Planetarium Labs,https://www.rootdata.com/zh/Projects/detail/Planetarium%20Labs?k=MjEyNA%3D%3D
英国,League of Traders,https://www.rootdata.com/zh/Projects/detail/League%20of%20Traders?k=NTg4NQ%3D%3D
加拿大,RootData,https://www.rootdata.com/zh/Projects/detail/RootData?k=NDk5MQ%3D%3D
加拿大,MetaDOSSECOND,https://www.rootdata.com/zh/Projects/detail/MetaDOS?k=Njg4MQ%3D%3D
加拿大,Fizen,https://www.rootdata.com/zh/Projects/detail/Fizen?k=MTA4MDg%3D
加拿大,Saros FinanceSAROS,https://www.rootdata.com/zh/Projects/detail/Saros%20Finance?k=Mjg4NQ%3D%3D
加拿大,Solscan,https://www.rootdata.com/zh/Projects/detail/Solscan?k=MzcwNg%3D%3D
加拿大,Poko,https://www.rootdata.com/zh/Projects/detail/Poko?k=NTE1OQ%3D%3D
加拿大,Untangled Finance,https://www.rootdata.com/zh/Projects/detail/Untangled?k=OTY5MQ%3D%3D
加拿大,PendlePENDLE,https://www.rootdata.com/zh/Projects/detail/Pendle?k=ODc0
加拿大,Coin98 FinanceC98,https://www.rootdata.com/zh/Projects/detail/Coin98%20Finance?k=MjM5
加拿大,Poko,https://www.rootdata.com/zh/Projects/detail/Poko?k=NTE1OQ%3D%3D
加拿大,Centic,https://www.rootdata.com/zh/Projects/detail/Centic?k=MTI3MDY%3D
加拿大,Oxalus,https://www.rootdata.com/zh/Projects/detail/Oxalus?k=NjM5NA%3D%3D
加拿大,PendlePENDLE,https://www.rootdata.com/zh/Projects/detail/Pendle?k=ODc0
加拿大,Aura Network,https://www.rootdata.com/zh/Projects/detail/Aura%20Network?k=Mjc1NQ%3D%3D
加拿大,Yunero,https://www.rootdata.com/zh/Projects/detail/Yunero?k=MTY0MQ%3D%3D
加拿大,Ancient8A8,https://www.rootdata.com/zh/Projects/detail/Ancient8?k=MTk5Mw%3D%3D
加拿大,Cadenverse,https://www.rootdata.com/zh/Projects/detail/Cadenverse?k=ODQ4OA%3D%3D
加拿大,Bizverse World,https://www.rootdata.com/zh/Projects/detail/Bizverse%20World?k=MjMzNw%3D%3D
加拿大,HTR Group,https://www.rootdata.com/zh/Projects/detail/HTR%20Group?k=MzU4OA%3D%3D
加拿大,Aura Network,https://www.rootdata.com/zh/Projects/detail/Aura%20Network?k=Mjc1NQ%3D%3D
加拿大,Ark RivalsARKN,https://www.rootdata.com/zh/Projects/detail/Ark%20Rivals?k=NjAxNw%3D%3D
加拿大,Undead BlocksUNDEAD,https://www.rootdata.com/zh/Projects/detail/Undead%20Blocks?k=NDYzNw%3D%3D
加拿大,Summoners Arena,https://www.rootdata.com/zh/Projects/detail/Summoners%20Arena?k=MTY1Ng%3D%3D
加拿大,Ark RivalsARKN,https://www.rootdata.com/zh/Projects/detail/Ark%20Rivals?k=NjAxNw%3D%3D
加拿大,Ancient8A8,https://www.rootdata.com/zh/Projects/detail/Ancient8?k=MTk5Mw%3D%3D
加拿大,Coin98 FinanceC98,https://www.rootdata.com/zh/Projects/detail/Coin98%20Finance?k=MjM5
加拿大,COWBOY SNAKECOWS,https://www.rootdata.com/zh/Projects/detail/COWBOY%20SNAKE?k=MTc2OQ%3D%3D
加拿大,Solscan,https://www.rootdata.com/zh/Projects/detail/Solscan?k=MzcwNg%3D%3D
加拿大,Whydah,https://www.rootdata.com/zh/Projects/detail/Whydah?k=MzQxMw%3D%3D
加拿大,Gunstar,https://www.rootdata.com/zh/Projects/detail/Gunstar?k=OTIzMQ%3D%3D
韩国,RootData,https://www.rootdata.com/zh/Projects/detail/RootData?k=NDk5MQ%3D%3D
韩国,MetaDOSSECOND,https://www.rootdata.com/zh/Projects/detail/MetaDOS?k=Njg4MQ%3D%3D
韩国,Fizen,https://www.rootdata.com/zh/Projects/detail/Fizen?k=MTA4MDg%3D
韩国,Saros FinanceSAROS,https://www.rootdata.com/zh/Projects/detail/Saros%20Finance?k=Mjg4NQ%3D%3D
韩国,Solscan,https://www.rootdata.com/zh/Projects/detail/Solscan?k=MzcwNg%3D%3D
韩国,Poko,https://www.rootdata.com/zh/Projects/detail/Poko?k=NTE1OQ%3D%3D
韩国,Untangled Finance,https://www.rootdata.com/zh/Projects/detail/Untangled?k=OTY5MQ%3D%3D
韩国,PendlePENDLE,https://www.rootdata.com/zh/Projects/detail/Pendle?k=ODc0
韩国,Coin98 FinanceC98,https://www.rootdata.com/zh/Projects/detail/Coin98%20Finance?k=MjM5
韩国,Poko,https://www.rootdata.com/zh/Projects/detail/Poko?k=NTE1OQ%3D%3D
韩国,Centic,https://www.rootdata.com/zh/Projects/detail/Centic?k=MTI3MDY%3D
韩国,Oxalus,https://www.rootdata.com/zh/Projects/detail/Oxalus?k=NjM5NA%3D%3D
韩国,PendlePENDLE,https://www.rootdata.com/zh/Projects/detail/Pendle?k=ODc0
韩国,Aura Network,https://www.rootdata.com/zh/Projects/detail/Aura%20Network?k=Mjc1NQ%3D%3D
韩国,Yunero,https://www.rootdata.com/zh/Projects/detail/Yunero?k=MTY0MQ%3D%3D
韩国,Ancient8A8,https://www.rootdata.com/zh/Projects/detail/Ancient8?k=MTk5Mw%3D%3D
韩国,Cadenverse,https://www.rootdata.com/zh/Projects/detail/Cadenverse?k=ODQ4OA%3D%3D
韩国,Bizverse World,https://www.rootdata.com/zh/Projects/detail/Bizverse%20World?k=MjMzNw%3D%3D
韩国,HTR Group,https://www.rootdata.com/zh/Projects/detail/HTR%20Group?k=MzU4OA%3D%3D
韩国,Aura Network,https://www.rootdata.com/zh/Projects/detail/Aura%20Network?k=Mjc1NQ%3D%3D
韩国,Ark RivalsARKN,https://www.rootdata.com/zh/Projects/detail/Ark%20Rivals?k=NjAxNw%3D%3D
韩国,Undead BlocksUNDEAD,https://www.rootdata.com/zh/Projects/detail/Undead%20Blocks?k=NDYzNw%3D%3D
韩国,Summoners Arena,https://www.rootdata.com/zh/Projects/detail/Summoners%20Arena?k=MTY1Ng%3D%3D
韩国,Ark RivalsARKN,https://www.rootdata.com/zh/Projects/detail/Ark%20Rivals?k=NjAxNw%3D%3D
韩国,Ancient8A8,https://www.rootdata.com/zh/Projects/detail/Ancient8?k=MTk5Mw%3D%3D
韩国,Coin98 FinanceC98,https://www.rootdata.com/zh/Projects/detail/Coin98%20Finance?k=MjM5
韩国,COWBOY SNAKECOWS,https://www.rootdata.com/zh/Projects/detail/COWBOY%20SNAKE?k=MTc2OQ%3D%3D
韩国,Solscan,https://www.rootdata.com/zh/Projects/detail/Solscan?k=MzcwNg%3D%3D
韩国,Whydah,https://www.rootdata.com/zh/Projects/detail/Whydah?k=MzQxMw%3D%3D
韩国,Gunstar,https://www.rootdata.com/zh/Projects/detail/Gunstar?k=OTIzMQ%3D%3D
法国,RootData,https://www.rootdata.com/zh/Projects/detail/RootData?k=NDk5MQ%3D%3D
法国,MetaDOSSECOND,https://www.rootdata.com/zh/Projects/detail/MetaDOS?k=Njg4MQ%3D%3D
法国,Fizen,https://www.rootdata.com/zh/Projects/detail/Fizen?k=MTA4MDg%3D
法国,Saros FinanceSAROS,https://www.rootdata.com/zh/Projects/detail/Saros%20Finance?k=Mjg4NQ%3D%3D
法国,Solscan,https://www.rootdata.com/zh/Projects/detail/Solscan?k=MzcwNg%3D%3D
法国,Poko,https://www.rootdata.com/zh/Projects/detail/Poko?k=NTE1OQ%3D%3D
法国,Untangled Finance,https://www.rootdata.com/zh/Projects/detail/Untangled?k=OTY5MQ%3D%3D
法国,PendlePENDLE,https://www.rootdata.com/zh/Projects/detail/Pendle?k=ODc0
法国,Coin98 FinanceC98,https://www.rootdata.com/zh/Projects/detail/Coin98%20Finance?k=MjM5
法国,Poko,https://www.rootdata.com/zh/Projects/detail/Poko?k=NTE1OQ%3D%3D
法国,Centic,https://www.rootdata.com/zh/Projects/detail/Centic?k=MTI3MDY%3D
法国,Oxalus,https://www.rootdata.com/zh/Projects/detail/Oxalus?k=NjM5NA%3D%3D
法国,PendlePENDLE,https://www.rootdata.com/zh/Projects/detail/Pendle?k=ODc0
法国,Aura Network,https://www.rootdata.com/zh/Projects/detail/Aura%20Network?k=Mjc1NQ%3D%3D
法国,Yunero,https://www.rootdata.com/zh/Projects/detail/Yunero?k=MTY0MQ%3D%3D
法国,Ancient8A8,https://www.rootdata.com/zh/Projects/detail/Ancient8?k=MTk5Mw%3D%3D
法国,Cadenverse,https://www.rootdata.com/zh/Projects/detail/Cadenverse?k=ODQ4OA%3D%3D
法国,Bizverse World,https://www.rootdata.com/zh/Projects/detail/Bizverse%20World?k=MjMzNw%3D%3D
法国,HTR Group,https://www.rootdata.com/zh/Projects/detail/HTR%20Group?k=MzU4OA%3D%3D
法国,Aura Network,https://www.rootdata.com/zh/Projects/detail/Aura%20Network?k=Mjc1NQ%3D%3D
法国,Ark RivalsARKN,https://www.rootdata.com/zh/Projects/detail/Ark%20Rivals?k=NjAxNw%3D%3D
法国,Undead BlocksUNDEAD,https://www.rootdata.com/zh/Projects/detail/Undead%20Blocks?k=NDYzNw%3D%3D
法国,Summoners Arena,https://www.rootdata.com/zh/Projects/detail/Summoners%20Arena?k=MTY1Ng%3D%3D
法国,Ark RivalsARKN,https://www.rootdata.com/zh/Projects/detail/Ark%20Rivals?k=NjAxNw%3D%3D
法国,Ancient8A8,https://www.rootdata.com/zh/Projects/detail/Ancient8?k=MTk5Mw%3D%3D
法国,Coin98 FinanceC98,https://www.rootdata.com/zh/Projects/detail/Coin98%20Finance?k=MjM5
法国,COWBOY SNAKECOWS,https://www.rootdata.com/zh/Projects/detail/COWBOY%20SNAKE?k=MTc2OQ%3D%3D
法国,Solscan,https://www.rootdata.com/zh/Projects/detail/Solscan?k=MzcwNg%3D%3D
法国,Whydah,https://www.rootdata.com/zh/Projects/detail/Whydah?k=MzQxMw%3D%3D
法国,Gunstar,https://www.rootdata.com/zh/Projects/detail/Gunstar?k=OTIzMQ%3D%3D
中国香港,RootData,https://www.rootdata.com/zh/Projects/detail/RootData?k=NDk5MQ%3D%3D
中国香港,MetaDOSSECOND,https://www.rootdata.com/zh/Projects/detail/MetaDOS?k=Njg4MQ%3D%3D
中国香港,Fizen,https://www.rootdata.com/zh/Projects/detail/Fizen?k=MTA4MDg%3D
中国香港,Saros FinanceSAROS,https://www.rootdata.com/zh/Projects/detail/Saros%20Finance?k=Mjg4NQ%3D%3D
中国香港,Solscan,https://www.rootdata.com/zh/Projects/detail/Solscan?k=MzcwNg%3D%3D
中国香港,Poko,https://www.rootdata.com/zh/Projects/detail/Poko?k=NTE1OQ%3D%3D
中国香港,Untangled Finance,https://www.rootdata.com/zh/Projects/detail/Untangled?k=OTY5MQ%3D%3D
中国香港,PendlePENDLE,https://www.rootdata.com/zh/Projects/detail/Pendle?k=ODc0
中国香港,Coin98 FinanceC98,https://www.rootdata.com/zh/Projects/detail/Coin98%20Finance?k=MjM5
中国香港,Poko,https://www.rootdata.com/zh/Projects/detail/Poko?k=NTE1OQ%3D%3D
中国香港,Centic,https://www.rootdata.com/zh/Projects/detail/Centic?k=MTI3MDY%3D
中国香港,Oxalus,https://www.rootdata.com/zh/Projects/detail/Oxalus?k=NjM5NA%3D%3D
中国香港,PendlePENDLE,https://www.rootdata.com/zh/Projects/detail/Pendle?k=ODc0
中国香港,Aura Network,https://www.rootdata.com/zh/Projects/detail/Aura%20Network?k=Mjc1NQ%3D%3D
中国香港,Yunero,https://www.rootdata.com/zh/Projects/detail/Yunero?k=MTY0MQ%3D%3D
中国香港,Ancient8A8,https://www.rootdata.com/zh/Projects/detail/Ancient8?k=MTk5Mw%3D%3D
中国香港,Cadenverse,https://www.rootdata.com/zh/Projects/detail/Cadenverse?k=ODQ4OA%3D%3D
中国香港,Bizverse World,https://www.rootdata.com/zh/Projects/detail/Bizverse%20World?k=MjMzNw%3D%3D
中国香港,HTR Group,https://www.rootdata.com/zh/Projects/detail/HTR%20Group?k=MzU4OA%3D%3D
中国香港,Aura Network,https://www.rootdata.com/zh/Projects/detail/Aura%20Network?k=Mjc1NQ%3D%3D
中国香港,Ark RivalsARKN,https://www.rootdata.com/zh/Projects/detail/Ark%20Rivals?k=NjAxNw%3D%3D
中国香港,Undead BlocksUNDEAD,https://www.rootdata.com/zh/Projects/detail/Undead%20Blocks?k=NDYzNw%3D%3D
中国香港,Summoners Arena,https://www.rootdata.com/zh/Projects/detail/Summoners%20Arena?k=MTY1Ng%3D%3D
中国香港,Ark RivalsARKN,https://www.rootdata.com/zh/Projects/detail/Ark%20Rivals?k=NjAxNw%3D%3D
中国香港,Ancient8A8,https://www.rootdata.com/zh/Projects/detail/Ancient8?k=MTk5Mw%3D%3D
中国香港,Coin98 FinanceC98,https://www.rootdata.com/zh/Projects/detail/Coin98%20Finance?k=MjM5
中国香港,COWBOY SNAKECOWS,https://www.rootdata.com/zh/Projects/detail/COWBOY%20SNAKE?k=MTc2OQ%3D%3D
中国香港,Solscan,https://www.rootdata.com/zh/Projects/detail/Solscan?k=MzcwNg%3D%3D
中国香港,Whydah,https://www.rootdata.com/zh/Projects/detail/Whydah?k=MzQxMw%3D%3D
中国香港,Gunstar,https://www.rootdata.com/zh/Projects/detail/Gunstar?k=OTIzMQ%3D%3D
越南,RootData,https://www.rootdata.com/zh/Projects/detail/RootData?k=NDk5MQ%3D%3D
越南,MetaDOSSECOND,https://www.rootdata.com/zh/Projects/detail/MetaDOS?k=Njg4MQ%3D%3D
越南,Fizen,https://www.rootdata.com/zh/Projects/detail/Fizen?k=MTA4MDg%3D
越南,Saros FinanceSAROS,https://www.rootdata.com/zh/Projects/detail/Saros%20Finance?k=Mjg4NQ%3D%3D
越南,Solscan,https://www.rootdata.com/zh/Projects/detail/Solscan?k=MzcwNg%3D%3D
越南,Poko,https://www.rootdata.com/zh/Projects/detail/Poko?k=NTE1OQ%3D%3D
越南,Untangled Finance,https://www.rootdata.com/zh/Projects/detail/Untangled?k=OTY5MQ%3D%3D
越南,PendlePENDLE,https://www.rootdata.com/zh/Projects/detail/Pendle?k=ODc0
越南,Coin98 FinanceC98,https://www.rootdata.com/zh/Projects/detail/Coin98%20Finance?k=MjM5
越南,Poko,https://www.rootdata.com/zh/Projects/detail/Poko?k=NTE1OQ%3D%3D
越南,Centic,https://www.rootdata.com/zh/Projects/detail/Centic?k=MTI3MDY%3D
越南,Oxalus,https://www.rootdata.com/zh/Projects/detail/Oxalus?k=NjM5NA%3D%3D
越南,PendlePENDLE,https://www.rootdata.com/zh/Projects/detail/Pendle?k=ODc0
越南,Aura Network,https://www.rootdata.com/zh/Projects/detail/Aura%20Network?k=Mjc1NQ%3D%3D
越南,Yunero,https://www.rootdata.com/zh/Projects/detail/Yunero?k=MTY0MQ%3D%3D
越南,Ancient8A8,https://www.rootdata.com/zh/Projects/detail/Ancient8?k=MTk5Mw%3D%3D
越南,Cadenverse,https://www.rootdata.com/zh/Projects/detail/Cadenverse?k=ODQ4OA%3D%3D
越南,Bizverse World,https://www.rootdata.com/zh/Projects/detail/Bizverse%20World?k=MjMzNw%3D%3D
越南,HTR Group,https://www.rootdata.com/zh/Projects/detail/HTR%20Group?k=MzU4OA%3D%3D
越南,Aura Network,https://www.rootdata.com/zh/Projects/detail/Aura%20Network?k=Mjc1NQ%3D%3D
越南,Ark RivalsARKN,https://www.rootdata.com/zh/Projects/detail/Ark%20Rivals?k=NjAxNw%3D%3D
越南,Undead BlocksUNDEAD,https://www.rootdata.com/zh/Projects/detail/Undead%20Blocks?k=NDYzNw%3D%3D
越南,Summoners Arena,https://www.rootdata.com/zh/Projects/detail/Summoners%20Arena?k=MTY1Ng%3D%3D
越南,Ark RivalsARKN,https://www.rootdata.com/zh/Projects/detail/Ark%20Rivals?k=NjAxNw%3D%3D
越南,Ancient8A8,https://www.rootdata.com/zh/Projects/detail/Ancient8?k=MTk5Mw%3D%3D
越南,Coin98 FinanceC98,https://www.rootdata.com/zh/Projects/detail/Coin98%20Finance?k=MjM5
越南,COWBOY SNAKECOWS,https://www.rootdata.com/zh/Projects/detail/COWBOY%20SNAKE?k=MTc2OQ%3D%3D
越南,Solscan,https://www.rootdata.com/zh/Projects/detail/Solscan?k=MzcwNg%3D%3D
越南,Whydah,https://www.rootdata.com/zh/Projects/detail/Whydah?k=MzQxMw%3D%3D
越南,Gunstar,https://www.rootdata.com/zh/Projects/detail/Gunstar?k=OTIzMQ%3D%3D
